idCustomer,firstName,lastName,hashedPin
,,,
0,Alex,Lim,81dc9bdb52d04dc20036dbd8313ed055
,,,
1,Tim,Sohai,81dc9bdb52d04dc20036dbd8313ed055
,,,
2,Enrique,Eglesias,81dc9bdb52d04dc20036dbd8313ed055
,,,
3,Chelsea,Manchester,81dc9bdb52d04dc20036dbd8313ed055
,,,
4,Tom,Peeping,81dc9bdb52d04dc20036dbd8313ed055
,,,
5,Timothy,Sohai,81dc9bdb52d04dc20036dbd8313ed055
,,,
6,Anita,Pea,81dc9bdb52d04dc20036dbd8313ed055
,,,
7,Alexander,The Great,81dc9bdb52d04dc20036dbd8313ed055
,,,
8,Gabriel,Iglesias,81dc9bdb52d04dc20036dbd8313ed055
,,,
9,Lionel,Tigerel,81dc9bdb52d04dc20036dbd8313ed055
